{
  "version": 1,
  "author": "Anonymous maker",
  "editor": "wokwi",
  "parts": [
    { "type": "board-esp32-devkit-c-v4", "id": "esp", "top": 9.6, "left": -23.96, "attrs": {} },
    { "type": "wokwi-mpu6050", "id": "imu1", "top": -24.98, "left": -112.88, "attrs": {} },
    {
      "type": "wokwi-lcd1602",
      "id": "lcd1",
      "top": 25.6,
      "left": 159.2,
      "attrs": { "pins": "i2c" }
    }
  ],
  "connections": [
    [ "esp:TX", "$serialMonitor:RX", "", [] ],
    [ "esp:RX", "$serialMonitor:TX", "", [] ],
    [ "imu1:VCC", "esp:3V3", "red", [ "v0" ] ],
    [ "imu1:GND", "esp:GND.1", "black", [ "v0" ] ],
    [ "imu1:SDA", "esp:21", "green", [ "v0" ] ],
    [ "imu1:SCL", "esp:22", "purple", [ "v0" ] ],
    [ "lcd1:GND", "esp:GND.2", "black", [ "h0" ] ],
    [ "lcd1:VCC", "esp:5V", "red", [ "h0" ] ],
    [ "lcd1:SDA", "esp:21", "green", [ "h0" ] ],
    [ "lcd1:SCL", "esp:22", "gold", [ "h0" ] ]
  ],
  "dependencies": {}
}